,l_id,location
0,0,四川省甘孜藏族自治州道孚县
1,1,广西壮族自治区南宁市
2,2,广西壮族自治区桂林市
3,3,广东省深圳市
4,4,虹桥火车站
5,5,江苏省苏州市
6,6,上海市上海市
7,7,上海虹桥机场
8,8,广东省深圳市龙岗区
9,9,广西壮族自治区河池市
10,10,星湖
11,11,广东省肇庆市
12,12,人民医院
13,13,广东省肇庆市端州区
14,14,安徽省马鞍山市和县
15,15,化马湾乡卫生院
16,16,泰山
17,17,山东省泰安市
18,18,蔡园镇
19,19,云南省红河哈尼族彝族自治州蒙自市
20,20,湖北省黄冈市
21,21,四川省成都市温江区
22,22,四川省成都市大邑县
23,23,都安
24,24,湖南省常德市澧县
25,25,安徽省合肥市包河区
26,26,安徽省合肥市瑶海区
27,27,山东省泰安市泰山区
28,28,山东省淄博市张店区
29,29,北京市北京市西城区
30,30,北京市北京市通州区
31,31,医院
32,32,吉林省通化市集安市
33,33,清河
34,34,湖北省武汉市
35,35,万州
36,36,重庆市重庆市万州区
37,37,北山中心
38,38,西山
39,39,武陵
40,40,武陵镇
41,41,武陵镇黄金村
42,42,浙江省温州市
43,43,湖北省仙桃市
44,44,万州南站
45,45,白羊镇
46,46,重庆市重庆市江北区
47,47,湖北省
48,48,海南省海口市秀英区
49,49,东山镇政府公司
50,50,海南省儋州市
51,51,定安县
52,52,从江
53,53,龙华区
54,54,海南省海口市
55,55,凤翔
56,56,河北省唐山市迁安市
57,57,云南省昆明市
58,58,云南省曲靖市
59,59,呈贡区
60,60,街道
61,61,广德
62,62,四川省泸州市泸县
63,63,牛滩镇卫生院
64,64,黑龙江省大庆市
65,65,黑龙江省齐齐哈尔市
66,66,黑龙江省七台河市勃利县
67,67,黑龙江省齐齐哈尔市讷河市
68,68,黑龙江省牡丹江市东安区
69,69,黑龙江省牡丹江市
70,70,西安区
71,71,黑龙江省哈尔滨市南岗区
72,72,便利店
73,73,华山
74,74,奋斗路商场
75,75,黑龙江省哈尔滨市道里区
76,76,广东省东莞市
77,77,安徽省阜阳市
78,78,北京西
79,79,安徽省蚌埠市
80,80,安徽省合肥市
81,81,浙江省杭州市
82,82,北京市北京市
83,83,山东省临沂市沂水县
84,84,河南省安阳市文峰区
85,85,河南省安阳市
86,86,河南省安阳市殷都区
87,87,山东省济南市
88,88,河南省安阳市内黄县
89,89,陕西省西安市
90,90,河南省安阳市滑县
91,91,诊所
92,92,河南省安阳市汤阴县
93,93,河南省安阳市林州市
94,94,河南省安阳市北关区
95,95,河南省安阳市安阳县
96,96,湖南省岳阳市
97,97,河南省安阳市龙安区
98,98,广安门
99,99,医院门诊
100,100,山西省晋城市城区
101,101,吉林省四平市双辽市
102,102,吉林省
103,103,浙江省嘉兴市平湖市
104,104,河北省张家口市康保县
105,105,四川省泸州市龙马潭区
106,106,大通
107,107,牛滩镇卫生室
108,108,四川省泸州市
109,109,四川省成都市新都区
110,110,黑龙江省哈尔滨市五常市
111,111,总医院哈医大二院哈医大二院
112,112,胸科医院
113,113,黑龙江省绥化市绥棱县
114,114,湖北省咸宁市
115,115,广西壮族自治区玉林市玉州区
116,116,都安县人民医院
117,117,广东省惠州市
118,118,广东省惠州市惠东县
119,119,安徽省阜阳市颍上县
120,120,安徽省六安市霍邱县
121,121,山东省青岛市市北区
122,122,河南省许昌市
123,123,北京市北京市东城区
124,124,河南省许昌市魏都区
125,125,门诊
126,126,陈曹乡卫生院分院
127,127,人民医院门诊
128,128,中原
129,129,河南省许昌市襄城县
130,130,河南省许昌市禹州市
131,131,河南省许昌市长垣县
132,132,河南省许昌市长葛市
133,133,河南省三门峡市灵宝市
134,134,北京市北京市昌平区
135,135,山西省朔州市
136,136,山西省太原市
137,137,山西省朔州市朔城区
138,138,平朔集团医院
139,139,镇政府
140,140,北山
141,141,北站北站
142,142,南站
143,143,重庆市重庆市渝中区
144,144,合川区钱塘镇
145,145,大道
146,146,江西省
147,147,海南省
148,148,澄迈县
149,149,浙江省温州市文成县
150,150,河北省沧州市南皮县
151,151,云南省昆明市西山区
152,152,西苑浦路
153,153,山东省淄博市
154,154,老观镇方山
155,155,老观超市
156,156,四川省南充市阆中市
157,157,浙江省宁波市
158,158,方山卫生院
159,159,四川省南充市顺庆区
160,160,西门市场
161,161,西藏路
162,162,滨江路
163,163,中国加油站
164,164,四川省成都市
165,165,四川省成都市龙泉驿区
166,166,武昌站
167,167,重庆市重庆市
168,168,四川省宜宾市
169,169,四川省宜宾市叙州区
170,170,四川省攀枝花市东区
171,171,黑龙江省哈尔滨市道外区
172,172,黑龙江省双鸭山市友谊县
173,173,让胡路区
174,174,龙南医院
175,175,美惠长海医院
176,176,集团实业
177,177,商场超市
178,178,中三
179,179,超市
180,180,龙南医院门诊
181,181,龙南
182,182,药店
183,183,桃园超市超市超市
184,184,黑龙江省齐齐哈尔市建华区
185,185,黑龙江省牡丹江市阳明区
186,186,广西壮族自治区南宁市马山县
187,187,广西壮族自治区北海市
188,188,潮安区超市
189,189,广东省韶关市乐昌市
190,190,广东省珠海市
191,191,广东省珠海市金湾区
192,192,酒店
193,193,广东省肇庆市鼎湖区
194,194,广东省广州市
195,195,安徽省合肥市肥东县
196,196,安徽省合肥市蜀山区
197,197,山东省青岛市市南区
198,198,山东省临沂市莒南县
199,199,社区
200,200,河南省新乡市长垣县
201,201,长垣
202,202,专家组
203,203,河南省郑州市
204,204,获嘉
205,205,河南省新乡市获嘉县
206,206,亢村镇卫生院
207,207,服装店
208,208,河南省焦作市武陟县
209,209,师寨镇
210,210,河南省新乡市卫辉市
211,211,学校
212,212,湖北省黄石市大冶市
213,213,河南省新乡市封丘县
214,214,河南省周口市
215,215,葛店乡
216,216,河南省新乡市辉县市
217,217,河南省新乡市红旗区
218,218,陕西省榆林市
219,219,河南省新乡市延津县
220,220,平遥
221,221,河南省焦作市
222,222,山西省晋中市平遥县
223,223,杜家庄乡
224,224,山西省晋中市
225,225,卫生院
226,226,水口镇
227,227,重庆市重庆市云阳县
228,228,重庆市重庆市忠县
229,229,辽宁省丹东市凤城市
230,230,龙河镇
231,231,长安
232,232,海南省澄迈县
233,233,浙江省杭州市桐庐县
234,234,浙江省宁波市海曙区
235,235,河北省邢台市威县
236,236,广东省
237,237,贵州省贵阳市清镇市
238,238,市中医院分院
239,239,台北
240,240,贵州省贵阳市云岩区
241,241,茶坊
242,242,贵州省遵义市汇川区
243,243,街道清溪村
244,244,百里
245,245,贵州省遵义市
246,246,绿春
247,247,云南省红河哈尼族彝族自治州绿春县
248,248,四川省达州市开江县
249,249,和兴路
250,250,黑龙江省佳木斯市桦南县
251,251,黑龙江省黑河市
252,252,回民社区
253,253,广东省茂名市高州市
254,254,广东省湛江市
255,255,湖北省武汉市武昌区
256,256,广东省河源市
257,257,广东省河源市源城区
258,258,福建省三明市永安市
259,259,西街道
260,260,横琴
261,261,拱北
262,262,广东省珠海市香洲区
263,263,湖南省娄底市新化县
264,264,琅塘镇
265,265,开发区诊所友谊医院
266,266,安徽省合肥市庐阳区
267,267,有限公司
268,268,山东省烟台市芝罘区
269,269,山东省烟台市莱山区
270,270,烟台山医院
271,271,山东省烟台市
272,272,山东省潍坊市昌乐县
273,273,山东省济宁市
274,274,山东省潍坊市高密市
275,275,山东省滨州市邹平市
276,276,江苏省徐州市
277,277,泽州
278,278,寺河
279,279,城区
280,280,山西省晋城市
281,281,陕西省汉中市洋县
282,282,松山医院
283,283,内蒙古自治区赤峰市松山区
284,284,宁夏回族自治区吴忠市
285,285,台湾省
286,286,吉林省长春市
287,287,黑龙江省七台河市
288,288,吉林省长春市朝阳区
289,289,黑龙江省
290,290,江北区
291,291,铜梁区大庙镇
292,292,湖北省荆州市
293,293,沙坪坝酒店
294,294,沙坪坝
295,295,荣昌北站
296,296,湖北省孝感市
297,297,湖南省衡阳市
298,298,江苏省南通市海安市
299,299,浙江省温州市龙湾区
300,300,浙江省温州市乐清市
301,301,浙江省台州市玉环市
302,302,河北省唐山市迁西县
303,303,河北省石家庄市正定县
304,304,县医院
305,305,河北省沧州市献县
306,306,河北省廊坊市
307,307,石岭村医院
308,308,河北省邢台市沙河市
309,309,河北省张家口市
310,310,河北省保定市
311,311,湖北省宜昌市
312,312,四川省凉山彝族自治州西昌市
313,313,四川省成都市锦江区
314,314,饭店
315,315,黑龙江省哈尔滨市香坊区
316,316,东站
317,317,太阳岛
318,318,黑龙江省哈尔滨市方正县
319,319,黑龙江省鸡西市恒山区
320,320,黑龙江省大庆市肇源县
321,321,广西壮族自治区防城港市
322,322,广东省中山市
323,323,开发区宫花村
324,324,广东省江门市台山市
325,325,广东省江门市
326,326,湖南省常德市武陵区
327,327,安徽省蚌埠市怀远县
328,328,文昌市
329,329,东大街
330,330,安徽省蚌埠市禹会区
331,331,山东省青岛市
332,332,松山社区
333,333,山东省济宁市任城区
334,334,山东省德州市武城县
335,335,山东省淄博市淄川区
336,336,山东省日照市东港区
337,337,天津市天津市宝坻区
338,338,天津市天津市河东区
339,339,江西省宜春市
340,340,江西省宜春市丰城市
341,341,杜市镇长宁
342,342,龙城
343,343,福建省
344,344,加油站
345,345,福建省漳州市
346,346,江西省抚州市
347,347,河南省信阳市平桥区
348,348,河南省信阳市
349,349,河南省信阳市商城县
350,350,河南省信阳市潢川县
351,351,河南省信阳市光山县
352,352,河南省南阳市方城县
353,353,河北省
354,354,河南省南阳市淅川县
355,355,河南省濮阳市华龙区
356,356,河南省濮阳市
357,357,油田总医院
358,358,河南省濮阳市南乐县
359,359,市妇幼保健院
360,360,河南省郑州市中原区
361,361,河南省商丘市虞城县
362,362,河南省商丘市梁园区
363,363,河南省商丘市
364,364,河南省驻马店市确山县
365,365,河南省漯河市
366,366,河南省洛阳市新安县
367,367,河南省平顶山市新华区
368,368,花乡
369,369,山西省太原市杏花岭区
370,370,山西省
371,371,陕西省安康市旬阳县
372,372,内蒙古自治区锡林郭勒盟
373,373,宁夏回族自治区吴忠市同心县
374,374,湖南省
375,375,湖北省十堰市
376,376,韦州镇
377,377,吉林省长春市二道区
378,378,吉林省辽源市东辽县
379,379,湖北省荆门市
380,380,广西北海
381,381,海南省三亚市
382,382,保亭县
383,383,园村
384,384,天涯区新城路
385,385,那大小学
386,386,龙桥镇
387,387,浙江省杭州市西湖区
388,388,浙江省宁波市余姚市
389,389,浙江省温州市鹿城区
390,390,浙江省温州市瑞安市
391,391,浙江省嘉兴市秀洲区
392,392,浙江省台州市椒江区
393,393,内蒙古自治区锡林郭勒盟锡林浩特市
394,394,河北省保定市易县
395,395,河北省秦皇岛市卢龙县
396,396,河北省沧州市河间市
397,397,泗渡镇
398,398,云南省大理白族自治州大理市
399,399,贵州省贵阳市
400,400,云南省楚雄彝族自治州楚雄市
401,401,贵州省六盘水市
402,402,克村田坝
403,403,贵州省毕节市
404,404,泗渡镇超市
405,405,辽宁省大连市
406,406,四川省成都市金堂县
407,407,四川省南充市西充县
408,408,黑龙江省鸡西市鸡冠区
409,409,辽河
410,410,餐厅超市便利店
411,411,桦树街
412,412,柬埔寨
413,413,广西壮族自治区玉林市
414,414,湖南省株洲市
415,415,广东省惠州市惠城区
416,416,湖南省娄底市涟源市
417,417,湖南省衡阳市祁东县
418,418,山东省枣庄市滕州市
419,419,山东省潍坊市
420,420,山东省临沂市
421,421,县人民医院南山
422,422,柏林柏林
423,423,山东省临沂市平邑县
424,424,天津市天津市武清区
425,425,睢城镇
426,426,县
427,427,岚山镇医院
428,428,河南省信阳市罗山县
429,429,老山街道
430,430,北京市北京市大兴区
431,431,香港特别行政区香港特别行政区
432,432,吉林省吉林市
433,433,公司
434,434,三江街道卫生院
435,435,街道公司
436,436,重庆市重庆市奉节县
437,437,陵水县酒店
438,438,陵水县英州镇
439,439,海口机场
440,440,公社
441,441,万宁市
442,442,那大镇专营店五金店药店
443,443,浙江省杭州市江干区
444,444,浙江省温州市瓯海区
445,445,浙江省温州市泰顺县
446,446,浙江省绍兴市柯桥区
447,447,临城
448,448,河北省石家庄市
449,449,河北省邢台市临城县
450,450,河北省沧州市任丘市
451,451,河北省唐山市
452,452,贵州省贵阳市南明区
453,453,宾馆酒店
454,454,贵州省贵阳市乌当区
455,455,中心中心
456,456,四川省广安市
457,457,贵州省贵阳市花溪区
458,458,坝乡
459,459,上坝乡
460,460,棕坪乡
461,461,溪村
462,462,辽宁省沈阳市
463,463,县忠信镇
464,464,湾村
465,465,洛龙镇龙桥村
466,466,贵州省遵义市红花岗区
467,467,贵州省铜仁市玉屏侗族自治县
468,468,湖北省黄冈市黄梅县
469,469,贵州省遵义市余庆县
470,470,贵州省铜仁市石阡县
471,471,贵州省铜仁市碧江区
472,472,贵州省黔东南苗族侗族自治州凯里市
473,473,贵州省黔南布依族苗族自治州都匀市
474,474,贵州大学
475,475,四川省成都市武侯区
476,476,四川省成都市金牛区
477,477,四川省达州市渠县
478,478,石河镇
479,479,双拱镇
480,480,开江
481,481,县人民医院
482,482,东莱街
483,483,黑龙江省哈尔滨市尚志市
484,484,帽儿山镇
485,485,亚布力镇药店
486,486,和平路
487,487,北京市北京市朝阳区
488,488,北京站
489,489,黑龙江省大庆市红岗区
490,490,亚布力镇中心卫生院
491,491,福建省厦门市
492,492,江苏省盐城市
493,493,黑龙江省哈尔滨市
494,494,凤岗镇
495,495,江源饭店
496,496,敬老院
497,497,黑龙江省双鸭山市宝清县
498,498,安徽省马鞍山市
499,499,市第一医院
500,500,湖北省鄂州市
501,501,广东省珠海市斗门区
502,502,广东省肇庆市封开县
503,503,湖南省娄底市冷水江市
504,504,安徽省淮南市
505,505,安徽省阜阳市临泉县
506,506,安徽省亳州市利辛县
507,507,天津市天津市南开区
508,508,金坛
509,509,江苏省常州市
510,510,太平洋
511,511,河南省周口市川汇区
512,512,河南省周口市西华县
513,513,河南省周口市郸城县
514,514,河南省周口市太康县
515,515,西华
516,516,河南省周口市沈丘县
517,517,纸店镇卫生院
518,518,项城市
519,519,人民医院专家组
520,520,河南省周口市鹿邑县
521,521,淮阳
522,522,河南省周口市项城市
523,523,卫生室
524,524,河南省周口市商水县
525,525,河南省周口市淮阳县
526,526,卫生院医院
527,527,太康
528,528,人民医院诊所
529,529,湖北省武汉市洪山区
530,530,沈丘
531,531,甘肃省平凉市华亭市
532,532,甘肃省临夏回族自治州临夏市
533,533,甘肃省甘南藏族自治州
534,534,拉卜楞镇
535,535,收费站
536,536,拉卜楞镇广播局
537,537,宁夏回族自治区银川市
538,538,望远镇
539,539,宁夏回族自治区固原市隆德县
540,540,观庄乡
541,541,隆德
542,542,龙城药店
543,543,隆德超市商场药店商城
544,544,韦州镇高台
545,545,预旺镇南关村
546,546,红钢洗浴中心
547,547,道街
548,548,吉林省四平市铁西区
549,549,卫生所
550,550,海南省琼中黎族苗族自治县
551,551,陵水
552,552,海南省陵水黎族自治县
553,553,南汉
554,554,海南省三亚市崖州区
555,555,金江镇南亚超市药店超市
556,556,海南省昌江黎族自治县
557,557,浙江省杭州市滨江区
558,558,浙江省温州市永嘉县
559,559,浙江省金华市东阳市
560,560,浙江省台州市黄岩区
561,561,金厂峪镇
562,562,庄户村
563,563,束城镇
564,564,中亚
565,565,河北省邯郸市
566,566,河北省廊坊市固安县
567,567,党校
568,568,河北省廊坊市霸州市
569,569,泰国
570,570,普吉岛
571,571,贵州省黔南布依族苗族自治州惠水县
572,572,贵州省黔南布依族苗族自治州长顺县
573,573,西门
574,574,贵州省黔南布依族苗族自治州贵定县
575,575,县中医院
576,576,新桥街超市
577,577,贵州省黔南布依族苗族自治州龙里县
578,578,浙江省丽水市遂昌县
579,579,四川省广元市青川县
580,580,四川省德阳市绵竹市
581,581,大酒店
582,582,四川省雅安市雨城区
583,583,嫩江
584,584,黑龙江省绥化市兰西县
585,585,河村
586,586,黑龙江省佳木斯市
587,587,黑龙江省佳木斯市桦川县
588,588,黑龙江省七台河市桃山区
589,589,广西壮族自治区
590,590,广东省广州市天河区
591,591,广东省江门市恩平市
592,592,凤山路
593,593,东街玩具店
594,594,凤山
595,595,中医院
596,596,广东省韶关市新丰县
597,597,湖南省常德市临澧县
598,598,湖南省益阳市南县
599,599,安徽省合肥市巢湖市
600,600,山东省潍坊市坊子区
601,601,山东省潍坊市诸城市
602,602,山东省滨州市无棣县
603,603,山东省淄博市博山区
604,604,天津市天津市河北区
605,605,天津市天津市北辰区
606,606,宁夏回族自治区吴忠市青铜峡市
607,607,陕西省
608,608,坝上
609,609,陕西省榆林市定边县
610,610,道街面馆医大总院
611,611,大沟村卫生室卫生院
612,612,闽宁镇加油站
613,613,餐厅
614,614,江苏省扬州市
615,615,河南省
616,616,祥符区宾馆宾馆
617,617,宾馆
618,618,大沟村
619,619,合川
620,620,人和街道
621,621,普顺镇东风村
622,622,浙江省金华市
623,623,东湖村
624,624,普顺镇
625,625,平桥
626,626,西欧
627,627,重庆市重庆市垫江县
628,628,綦江
629,629,南坪
630,630,三江
631,631,连城
632,632,石角镇白云村
633,633,白云村
634,634,凤梧超市
635,635,三江街道
636,636,三江超市
637,637,沙溪路
638,638,湖北省恩施土家族苗族自治州恩施市
639,639,幼儿园餐馆
640,640,县中医院理发店
641,641,下堡
642,642,重庆市重庆市巫溪县
643,643,下堡镇
644,644,下堡镇中心卫生院
645,645,武昌
646,646,琼海市
647,647,陵水县
648,648,塔岭
649,649,江西省南昌市
650,650,海南省定安县
651,651,海南省海口市琼山区
652,652,大道餐馆
653,653,汉口
654,654,那大镇
655,655,农场
656,656,那大
657,657,解放军总医院
658,658,湖南省长沙市
659,659,浙江省嘉兴市嘉善县
660,660,浙江省金华市义乌市
661,661,河北省张家口市宣化区
662,662,河北省唐山市滦州市
663,663,九百户镇
664,664,河北省秦皇岛市
665,665,河北省石家庄市新乐市
666,666,河北省石家庄市桥西区
667,667,河北省保定市高阳县
668,668,贵州省毕节市织金县
669,669,双加镇
670,670,街道长岛
671,671,街道政府
672,672,四川省内江市隆昌市
673,673,四川省达州市宣汉县
674,674,黑龙江省齐齐哈尔市拜泉县
675,675,黑龙江省鸡西市虎林市
676,676,黑龙江省大庆市肇州县
677,677,太平洋洗浴中心
678,678,惠民
679,679,沾河林业局医院
680,680,黑龙江省黑河市五大连池市
681,681,黑龙江省黑河市北安市
682,682,东北亚商场商城
683,683,亚布力镇
684,684,黑龙江省绥化市
685,685,黑龙江省绥化市北林区
686,686,管理局
687,687,五分场
688,688,辽宁省铁岭市调兵山市
689,689,辽宁省铁岭市昌图县
690,690,八面城镇
691,691,盛京医院中国医科大学附属第一医院
692,692,辽宁省沈阳市苏家屯区
693,693,福建省福州市鼓楼区
694,694,福建省三明市三元区
695,695,小陶镇五一村
696,696,后庄
697,697,福建省三明市沙县
698,698,福建省三明市
699,699,夏茂镇
700,700,凤岗街道龙湖
701,701,四川省达州市
702,702,县总院
703,703,管前镇
704,704,福建省三明市尤溪县
705,705,福建省三明市将乐县
706,706,福建省宁德市古田县
707,707,福建省三明市宁化县
708,708,广西壮族自治区南宁市青秀区
709,709,河南省驻马店市
710,710,广东省茂名市信宜市
711,711,黄岭镇
712,712,广东省茂名市
713,713,广东省茂名市化州市
714,714,城中村
715,715,甘肃省兰州市
716,716,封开
717,717,平凤镇
718,718,广东省佛山市三水区
719,719,广东省佛山市南海区
720,720,实验室
721,721,广东省佛山市
722,722,湖南省益阳市赫山区
723,723,湖南省益阳市安化县
724,724,安徽省亳州市蒙城县
725,725,永安镇
726,726,西村
727,727,安徽省宿州市
728,728,安徽省宿州市砀山县
729,729,安徽省阜阳市颍州区
730,730,浙江省丽水市龙泉市
731,731,安徽省池州市东至县
732,732,怀远超市
733,733,西门药店
734,734,安徽省蚌埠市淮上区
735,735,山东省济南市历下区
736,736,山东省威海市
737,737,山东省临沂市郯城县
738,738,山东省聊城市阳谷县
739,739,山东省菏泽市郓城县
740,740,内蒙
741,741,江苏省宿迁市泗阳县
742,742,江苏省宿迁市沭阳县
743,743,江苏省淮安市
744,744,江苏省宿迁市
745,745,人民医院医院
746,746,山西省太原市尖草坪区
747,747,内蒙古自治区包头市东河区
748,748,湖南省株洲市荷塘区
749,749,新村
750,750,吉林省长春市南关区
751,751,塘坊
752,752,熊家镇幼儿园
753,753,熊家镇中心卫生院
754,754,梁平
755,755,新合村
756,756,商场
757,757,重庆市重庆市南岸区
758,758,良村
759,759,天津市天津市
760,760,浙江省杭州市余杭区
761,761,浙江省宁波市鄞州区
762,762,浙江省宁波市慈溪市
763,763,江苏省无锡市
764,764,浙江省台州市温岭市
765,765,河北省廊坊市文安县
766,766,湖北省孝感市安陆市
767,767,县河口镇
768,768,贵州省遵义市凤冈县
769,769,贵州省贵阳市修文县
770,770,贵州省毕节市黔西县
771,771,湖北省咸宁市赤壁市
772,772,贵定
773,773,云龙镇
774,774,丰村
775,775,云龙镇基地
776,776,城东街道
777,777,四川省泸州市江阳区
778,778,四川省内江市东兴区
779,779,四川省广安市岳池县
780,780,石垭镇丁家
781,781,黑龙江省鹤岗市萝北县
782,782,萝北
783,783,黑龙江省鸡西市
784,784,鸡东
785,785,黑龙江省鸡西市鸡东县
786,786,黑龙江省齐齐哈尔市甘南县
787,787,黑龙江省大庆市龙凤区
788,788,黑龙江省哈尔滨市城区
789,789,亚布力
790,790,东平
791,791,福建省南平市
792,792,旅馆
793,793,福建省福州市
794,794,浙江省衢州市松溪县
795,795,河东
796,796,浙江省衢州市
797,797,福建省南平市松溪县
798,798,广东省湛江市廉江市
799,799,湖南省娄底市双峰县
800,800,合心村卫生室
801,801,湖南省株洲市茶陵县
802,802,安徽省六安市金寨县
803,803,安徽省宿州市泗县
804,804,安徽省阜阳市阜南县
805,805,安徽省阜阳市东区
806,806,中国
807,807,江口
808,808,安徽省芜湖市无为县
809,809,安徽省铜陵市
810,810,安徽省安庆市
811,811,安徽省安庆市望江县
812,812,安徽省淮北市相山区
813,813,安徽省淮北市
814,814,山东省青岛市黄岛区
815,815,山东省枣庄市山亭区
816,816,山东省烟台市牟平区
817,817,山东省烟台市海阳市
818,818,山东省潍坊市奎文区
819,819,山东省济宁市曲阜市
820,820,山东省泰安市岱岳区
821,821,银滩医院
822,822,山东省威海市乳山市
823,823,山东省临沂市兰山区
824,824,山东省聊城市东昌府区
825,825,山东省菏泽市牡丹区
826,826,江苏省南京市
827,827,安徽省芜湖市
828,828,江苏省盐城市盐都区
829,829,江苏省无锡市宜兴市
830,830,人民医院门诊门诊门诊
831,831,江苏省南通市海门市
832,832,河南省商丘市柘城县
833,833,河南省商丘市夏邑县
834,834,居委会
835,835,小学
836,836,杨集镇卫生院
837,837,会亭镇卫生院门诊卫生院
838,838,会亭镇卫生院门诊
839,839,张庄村
840,840,庄村
841,841,西城
842,842,陈庄
843,843,刘口乡
844,844,刘口乡卫生院
845,845,中州路
846,846,南街诊所卫生院
847,847,河南省商丘市永城市
848,848,马桥镇中心卫生院
849,849,集团总医院
850,850,仙桃市
851,851,卫生院门诊
852,852,河南省焦作市解放区
853,853,越南
854,854,河南省新乡市
855,855,湖南省岳阳市岳阳楼区
856,856,浙江省杭州市萧山区
857,857,花乡街道
858,858,山西省太原市迎泽区
859,859,山西省忻州市五台县
860,860,甘肃省兰州市西固区
861,861,甘肃省兰州市安宁区
862,862,榆中
863,863,甘肃省定西市陇西县
864,864,陇西
865,865,宁夏回族自治区银川市永宁县
866,866,马关
867,867,下马关镇
868,868,韦州镇石峡村
869,869,湖南省岳阳市云溪区
870,870,邮亭镇新红村
871,871,千家镇
872,872,海南省乐东黎族自治县
873,873,临高县
874,874,海南省海口市美兰区
875,875,临高超市菜馆
876,876,黄流镇
877,877,昌江
878,878,地税局
879,879,浙江省嘉兴市桐乡市
880,880,河北省保定市阜平县
881,881,望都
882,882,河北省保定市望都县
883,883,河北省张家口市尚义县
884,884,河北省沧州市肃宁县
885,885,河北省沧州市黄骅市
886,886,河北省沧州市运河区
887,887,河北省沧州市泊头市
888,888,陕西省西安市未央区
889,889,马来西亚
890,890,河北省保定市涿州市
891,891,凯棠镇南江村
892,892,信用联社酒店
893,893,华阳
894,894,香山
895,895,福建省福州市晋安区
896,896,四川省
897,897,华阳广福
898,898,视高
899,899,社区药店
900,900,电器厂
901,901,四川省眉山市仁寿县
902,902,通滩镇
903,903,通滩镇卫生院
904,904,四川省南充市高坪区
905,905,会龙镇
906,906,牛街
907,907,湖北省武汉市新洲区
908,908,高新街道
909,909,普安
910,910,岩村
911,911,岩村街道办
912,912,四川省泸州市古蔺县
913,913,四川省绵阳市
914,914,玉山镇中心卫生院
915,915,四川省遂宁市射洪县
916,916,凤凰村
917,917,和谐社区
918,918,沱牌镇桃花村
919,919,广兴镇卫生院
920,920,黑龙江省齐齐哈尔市依安县
921,921,黑龙江省齐齐哈尔市龙沙区
922,922,黑龙江省齐齐哈尔市龙江县
923,923,机场
924,924,黑龙江省绥化市庆安县
925,925,中医医院
926,926,常堡乡
927,927,中山路
928,928,超市药店
929,929,工作站
930,930,锅炉厂
931,931,胜利村
932,932,黑龙江省佳木斯市向阳区
933,933,兴隆岗镇
934,934,黑龙江省佳木斯市前进区
935,935,黑龙江省鹤岗市工农区
936,936,沾河林业局
937,937,沾河林业局诊所
938,938,中和村
939,939,越南越南
940,940,吉林省长春市宽城区
941,941,辽宁省锦州市义县
942,942,辽宁省阜新市彰武县
943,943,西环路
944,944,八面城镇超市超市
945,945,八面城镇诊所
946,946,福田
947,947,博爱医院
948,948,旅行团新加坡马来西亚新加坡
949,949,广东省江门市蓬江区
950,950,广东省佛山市顺德区
951,951,广东省揭阳市普宁市
952,952,工厂
953,953,湖南省常德市
954,954,临澧
955,955,四新岗镇
956,956,新安
957,957,新安镇
958,958,湖南省益阳市沅江市
959,959,湖南省永州市新田县
960,960,章华镇
961,961,湖南省岳阳市华容县
962,962,五星村卫生室
963,963,湖南省岳阳市君山区
964,964,湖南省岳阳市岳阳县
965,965,南湖
966,966,南湖燎原村
967,967,湖南省岳阳市湘阴县
968,968,红河镇
969,969,宝昌路超市
970,970,南苑
971,971,北角超市
972,972,宝坻医院
973,973,万象
974,974,江西省赣州市大余县
975,975,河南省驻马店市西平县
976,976,河南省郑州市金水区
977,977,西双版纳
978,978,河南省开封市尉氏县
979,979,河南省鹤壁市鹤山区
980,980,胜利街
981,981,圣人涧镇
982,982,山西省运城市平陆县
983,983,南站大酒店大酒店大酒店
984,984,大酒店大酒店大酒店超市
985,985,平城市委
986,986,山西省太原市清徐县
987,987,东街
988,988,平遥学院
989,989,宁固镇
990,990,香乐乡卫生院
991,991,山西省长治市武乡县
992,992,山大
993,993,宁固镇卫生院
994,994,安徽省
995,995,南窑
996,996,延平
997,997,内蒙古自治区包头市土默特右旗
998,998,陕西省咸阳市兴平市
999,999,甘肃省天水市
1000,1000,甘肃省天水市麦积区
1001,1001,庄浪
1002,1002,甘肃省平凉市庄浪县
1003,1003,卧龙卫生院
1004,1004,甘肃省庆阳市庆城县
1005,1005,铺镇
1006,1006,塬村
1007,1007,街道超市
1008,1008,三峡
1009,1009,联系村
1010,1010,静园
1011,1011,望江派出所
1012,1012,沙龙路酒楼
1013,1013,牌楼街道
1014,1014,龙苑
1015,1015,甘宁镇
1016,1016,牌楼街道牌楼街道
1017,1017,河口
1018,1018,酒楼
1019,1019,分水镇中心卫生院
1020,1020,石柱县
1021,1021,乌杨镇
1022,1022,河口庙坝
1023,1023,河口乡
1024,1024,湖北省恩施土家族苗族自治州利川市
1025,1025,万州北山北滨
1026,1026,萧山机场
1027,1027,浙江省台州市仙居县
1028,1028,河北省秦皇岛市海港区
1029,1029,河北省秦皇岛市北戴河区
1030,1030,唐山北站
1031,1031,丰润
1032,1032,河北省承德市
1033,1033,巴蜀
1034,1034,河北省承德市双桥区
1035,1035,河北省邢台市内丘县
1036,1036,贵州省六盘水市钟山区
1037,1037,湖北省襄阳市
1038,1038,贵州省黔东南苗族侗族自治州天柱县
1039,1039,安徽省宣城市
1040,1040,云南省昆明市官渡区
1041,1041,茶馆
1042,1042,四川省南充市南部县
1043,1043,美发店
1044,1044,四川省攀枝花市
1045,1045,四川省绵阳市三台县
1046,1046,四川省绵阳市江油市
1047,1047,湖北省武汉市江岸区
1048,1048,县住建局
1049,1049,永兴镇
1050,1050,四川省巴中市
1051,1051,四川省巴中市巴州区
1052,1052,梁永镇街道
1053,1053,梁永镇
1054,1054,四川省广元市
1055,1055,四川省德阳市旌阳区
1056,1056,东湖乡卫生院
1057,1057,黑龙江省牡丹江市爱民区
1058,1058,长安街
1059,1059,黑龙江省绥化市肇东市
1060,1060,黑龙江省哈尔滨市巴彦县
1061,1061,医院超市
1062,1062,黑龙江省鹤岗市兴安区
1063,1063,山东省威海市荣成市
1064,1064,渤海
1065,1065,锦江总院总院
1066,1066,西藏自治区山南市
1067,1067,凤凰超市
1068,1068,民主村检查站
1069,1069,西西里
1070,1070,文化路
1071,1071,南岗西西里
1072,1072,哈医大一院
1073,1073,绥棱林业局
1074,1074,宝清
1075,1075,和平里储蓄所超市
1076,1076,吉林省四平市公主岭市
1077,1077,购物中心地委地委地委商店
1078,1078,辽宁省沈阳市铁西区
1079,1079,吉林省四平市梨树县
1080,1080,吉林省通化市梅河口市
1081,1081,辽宁省沈阳市南区
1082,1082,香港特别行政区香港特别行政区南区
1083,1083,辽宁省锦州市黑山县
1084,1084,南街
1085,1085,福建省福州市连江县
1086,1086,福建省龙岩市新罗区
1087,1087,恭城县
1088,1088,广西壮族自治区贵港市桂平市
1089,1089,广西壮族自治区柳州市
1090,1090,安吉
1091,1091,都安县
1092,1092,广西壮族自治区河池市南丹县
1093,1093,广东省江门市鹤山市
1094,1094,湖南省常德市安乡县
1095,1095,湖南省株洲市醴陵市
1096,1096,湖北省荆州市公安县
1097,1097,金明村
1098,1098,湖南省株洲市石峰区
1099,1099,湖南省株洲市天元区
1100,1100,安徽省亳州市涡阳县
1101,1101,安徽省亳州市谯城区
1102,1102,安徽省铜陵市枞阳县
1103,1103,安徽省宣城市宁国市
1104,1104,安徽省六安市霍山县
1105,1105,安徽省滁州市天长市
1106,1106,六村诊所
1107,1107,派出所
1108,1108,养生馆
1109,1109,山东省烟台市招远市
1110,1110,山东省青岛市莱西市
1111,1111,山东省青岛市李沧区
1112,1112,西至华山
1113,1113,育才街
1114,1114,实验室专家组
1115,1115,里村
1116,1116,武城镇
1117,1117,山东省威海市环翠区
1118,1118,江苏省南通市
1119,1119,江苏省苏州市张家港市
1120,1120,东苑社区中心
1121,1121,胡集
1122,1122,东山商城
1123,1123,锦城药店
1124,1124,县人民医院门诊
1125,1125,山西省晋城市沁水县
1126,1126,泰国曼谷
1127,1127,四川省遂宁市
1128,1128,河北省保定市高碑店市
1129,1129,山西省阳泉市盂县
1130,1130,山西省大同市
1131,1131,陕西省西安市雁塔区
1132,1132,北新街
1133,1133,陕西省渭南市
1134,1134,贵州省遵义市赤水市
1135,1135,中学
1136,1136,陕西省渭南市临渭区
1137,1137,华州区
1138,1138,华州区农行
1139,1139,辛庄镇
1140,1140,辛庄镇信用社
1141,1141,电池厂
1142,1142,桃花源
1143,1143,内蒙古自治区包头市
1144,1144,内蒙古自治区
1145,1145,长乐
1146,1146,甘肃省兰州市七里河区
1147,1147,甘肃省甘南藏族自治州合作市
1148,1148,泰国旅行团
1149,1149,泰国面馆
1150,1150,泰国旅游团超市
1151,1151,甘肃省兰州市城关区
1152,1152,甘肃省兰州市皋兰县
1153,1153,村委会
1154,1154,华东超市
1155,1155,夏官营镇
1156,1156,小康营乡
1157,1157,榆中万象
1158,1158,榆中饭馆
1159,1159,甘肃省兰州市榆中县
1160,1160,龙虎山
1161,1161,城关区
1162,1162,安西路面馆
1163,1163,甘肃省
1164,1164,办公室
1165,1165,办公室办公室办公室办公室
1166,1166,七里河干洗店
1167,1167,峨眉
1168,1168,新疆维吾尔自治区乌鲁木齐市
1169,1169,新疆维吾尔自治区伊犁哈萨克自治州霍尔果斯市
1170,1170,甘肃省嘉峪关市
1171,1171,大沙坪超市
1172,1172,江苏省泰州市
1173,1173,旅游公司
1174,1174,甘肃省兰州市红古区
1175,1175,北山路南
1176,1176,秦州区
1177,1177,甘肃省甘南藏族自治州临潭县
1178,1178,甘肃省甘南藏族自治州迭部县
1179,1179,甘肃省甘南藏族自治州卓尼县
1180,1180,李子坝
1181,1181,海南省保亭黎族苗族自治县
1182,1182,河北省邢台市邢台县
1183,1183,河北省邯郸市临漳县
1184,1184,河北省邯郸市成安县
1185,1185,河北省唐山市路北区
1186,1186,河北省唐山市路南区
1187,1187,河北省唐山市古冶区
1188,1188,河北省唐山市开平区
1189,1189,华东
1190,1190,集团
1191,1191,河北省唐山市玉田县
1192,1192,河北省廊坊市香河县
1193,1193,阳城
1194,1194,四川省雅安市石棉县
1195,1195,四川省凉山彝族自治州甘洛县
1196,1196,四川省凉山彝族自治州
1197,1197,山东省
1198,1198,长安小学
1199,1199,四川省眉山市
1200,1200,湖北省潜江市
1201,1201,巴东
1202,1202,中心
1203,1203,湖北省荆门市东宝区
1204,1204,酒店药店
1205,1205,四川省巴中市南江县
1206,1206,南江
1207,1207,平昌
1208,1208,江西省景德镇市
1209,1209,梁永镇医院
1210,1210,梁永镇双狮村
1211,1211,三江镇大兴村
1212,1212,资中
1213,1213,资中北站
1214,1214,四川省资阳市
1215,1215,四川省资阳市雁江区
1216,1216,皮鞋店
1217,1217,和平北路鞋店
1218,1218,四川省成都市新津县
1219,1219,贵州省
1220,1220,亚布力镇医院
1221,1221,黑龙江省牡丹江市尚志市
1222,1222,中央大街
1223,1223,黑龙江省牡丹江市西安区
1224,1224,家庭旅馆
1225,1225,雪乡
1226,1226,兰西
1227,1227,黑龙江省绥化市安达市
1228,1228,西站
1229,1229,酒店假日酒店
1230,1230,亚布力旅行社酒店
1231,1231,南岗客运站
1232,1232,姥姥家
1233,1233,巴彦镇
1234,1234,华山乡
1235,1235,道外客运站
1236,1236,黑龙江省哈尔滨市木兰县
1237,1237,新城
1238,1238,黑龙江省哈尔滨市兰西县
1239,1239,黑龙江省黑河市孙吴县
1240,1240,云南省德宏傣族景颇族自治州瑞丽市
1241,1241,中央大街饭店
1242,1242,哈医大二院社区医院
1243,1243,九台区
1244,1244,吉林省长春市绿园区
1245,1245,吉林省四平市
1246,1246,湖北省孝感市应城市
1247,1247,辽宁省沈阳市新民市
1248,1248,开发区
1249,1249,辽宁省鞍山市海城市
1250,1250,辽宁省鞍山市
1251,1251,寒岭镇
1252,1252,辽宁省辽阳市辽阳县
1253,1253,辽宁省葫芦岛市
1254,1254,辽宁省葫芦岛市南票区
1255,1255,辽宁省朝阳市
1256,1256,辽宁省朝阳市朝阳县
1257,1257,平房村
1258,1258,羊山镇
1259,1259,羊山镇肖家店
1260,1260,王营子乡
1261,1261,肖家店
1262,1262,华北路
1263,1263,甘井
1264,1264,金三角洗衣店
1265,1265,加油站超市
1266,1266,福建省龙岩市永定区
1267,1267,湖北省武汉市黄陂区
1268,1268,部队医院
1269,1269,广东省江门市江海区
1270,1270,湖南省长沙市芙蓉区
1271,1271,湖南省长沙市岳麓区
1272,1272,湖南省永州市冷水滩区
1273,1273,湖南省永州市祁阳县
1274,1274,湖南省怀化市辰溪县
1275,1275,安徽省合肥市肥西县
1276,1276,门诊部
1277,1277,世纪大道
1278,1278,安徽省亳州市
1279,1279,山东省枣庄市台儿庄区
1280,1280,涧头集镇卫生院
1281,1281,山东省聊城市
1282,1282,南京路中心医院
1283,1283,山东省烟台市莱州市
1284,1284,东沙河镇药店
1285,1285,天津市天津市滨海新区
1286,1286,上海市上海市奉贤区
1287,1287,上海市上海市长宁区
1288,1288,上海市上海市普陀区
1289,1289,闵行
1290,1290,上海市上海市闵行区
1291,1291,江苏省镇江市
1292,1292,泰国泰国
1293,1293,河南省信阳市固始县
1294,1294,河南省信阳市息县
1295,1295,河南省商丘市睢阳区
1296,1296,河南省郑州市中牟县
1297,1297,办事处
1298,1298,河南省开封市兰考县
1299,1299,河南省洛阳市老城区
1300,1300,河南省洛阳市涧西区
1301,1301,河南省焦作市马村区
1302,1302,河南省焦作市山阳区
1303,1303,广西南宁
1304,1304,中心医院医院专家组
1305,1305,河南省焦作市沁阳市
1306,1306,河南省焦作市温县
1307,1307,黑龙江省七台河市新兴区
1308,1308,亚运村街道
1309,1309,于家务回族乡
1310,1310,林校
1311,1311,山西省太原市小店区
1312,1312,山西大学医院
1313,1313,旅店
1314,1314,山西省太原市阳曲县
1315,1315,山西省太原市晋源区
1316,1316,山西大学医院门诊
1317,1317,山西省临汾市
1318,1318,山西省临汾市吉县
1319,1319,陕西省西安市临潼区
1320,1320,内蒙古自治区巴彦淖尔市临河区
1321,1321,美甲
1322,1322,超市超市
1323,1323,海拉尔
1324,1324,内蒙古自治区呼和浩特市回民区
1325,1325,超市公司
1326,1326,甘肃省白银市
1327,1327,万盛面馆
1328,1328,靖远车行
1329,1329,甘肃省白银市靖远县
1330,1330,糜滩镇
1331,1331,清升镇
1332,1332,街道玉屏
1333,1333,荣昌区
1334,1334,荣昌区超市
1335,1335,海南省琼海市
1336,1336,三亚机场
1337,1337,海南省文昌市
1338,1338,海南省万宁市
1339,1339,河南省洛阳市
1340,1340,天涯区酒店
1341,1341,黎母
1342,1342,曼谷
1343,1343,潮汕餐厅
1344,1344,商城
1345,1345,陵水县英州镇餐厅
1346,1346,清水科技馆
1347,1347,金湖
1348,1348,河北省邯郸市磁县
1349,1349,汤泉乡
1350,1350,河北省唐山市遵化市
1351,1351,海港镇
1352,1352,河北省承德市围场满族蒙古族自治县
1353,1353,五重安乡
1354,1354,商店
1355,1355,寨村
1356,1356,冀东
1357,1357,渔户寨乡超市
1358,1358,贵州省安顺市
1359,1359,贵州省遵义市仁怀市
1360,1360,云南省玉溪市
1361,1361,县酒店
1362,1362,新城社区餐馆
1363,1363,黄果树镇卫生院
1364,1364,马官镇
1365,1365,关村
1366,1366,贵州省毕节市大方县
1367,1367,贵州省毕节市纳雍县
1368,1368,贵州省黔南布依族苗族自治州罗甸县
1369,1369,金银山街道银山社区
1370,1370,六曲河镇
1371,1371,达依乡
1372,1372,双河市
1373,1373,贵州省毕节市赫章县
1374,1374,威宁
1375,1375,妈姑镇
1376,1376,贵州省黔西南布依族苗族自治州
1377,1377,湖南省怀化市
1378,1378,锦屏
1379,1379,贵州省黔东南苗族侗族自治州锦屏县
1380,1380,三江镇清江
1381,1381,彦洞乡
1382,1382,街道竹林
1383,1383,博园村
1384,1384,石洞镇
1385,1385,卫生院卫生院
1386,1386,四川省南充市嘉陵区
1387,1387,天辰路
1388,1388,四川省南充市
1389,1389,饭馆药店
1390,1390,干洗店
1391,1391,市中心医院
1392,1392,四川省宜宾市长宁县
1393,1393,四川省内江市
1394,1394,四川省资阳市安岳县
1395,1395,林村
1396,1396,龙台镇偏岩
1397,1397,安岳李家镇
1398,1398,马村
1399,1399,李家镇
1400,1400,白塔寺乡青坡
1401,1401,李家镇卫生院
1402,1402,四川省成都市简阳市
1403,1403,道孚
1404,1404,四川省雅安市
1405,1405,江川农场
1406,1406,黑龙江省双鸭山市
1407,1407,腰屯乡明星村
1408,1408,蔬菜店
1409,1409,新城超市
1410,1410,新城超市药店
1411,1411,供销社
1412,1412,市第二医院门诊
1413,1413,吉林省四平市铁东区
1414,1414,吉林省延边朝鲜族自治州延吉市
1415,1415,辽宁省大连市沙河口区
1416,1416,辽宁省盘锦市
1417,1417,福建省福州市闽侯县
1418,1418,尚干镇
1419,1419,湖南省湘潭市
1420,1420,福建省龙岩市
1421,1421,白沙饭店服装店
1422,1422,白沙
1423,1423,白沙镇
1424,1424,购物中心
1425,1425,奶茶店
1426,1426,眷村
1427,1427,铁山镇超市
1428,1428,福建省龙岩市漳平市
1429,1429,长乐机场机场
1430,1430,汤店
1431,1431,福建省福州市仓山区
1432,1432,福建省福州市福清市
1433,1433,福建省泉州市晋江市
1434,1434,福建省泉州市
1435,1435,古田北站北站
1436,1436,花城
1437,1437,连江
1438,1438,浦口
1439,1439,浦口镇
1440,1440,凤城镇
1441,1441,县医院门诊
1442,1442,广东省汕头市
1443,1443,广东省汕头市南澳县
1444,1444,广东省汕头市潮南区
1445,1445,三伯
1446,1446,山东省烟台市龙口市
1447,1447,桃源镇
1448,1448,沙坪街道卫生院
1449,1449,沙坪
1450,1450,中英街商行
1451,1451,新华路
1452,1452,广东省江门市新会区
1453,1453,酉港镇鼎山社区
1454,1454,湖南省常德市汉寿县
1455,1455,湖南省常德市鼎城区
1456,1456,湖南省株洲市芦淞区
1457,1457,迎仙镇中心卫生院
1458,1458,江口镇卫生院
1459,1459,人民医院实验室专家组
1460,1460,山东省济南市长清区
1461,1461,云南省
1462,1462,山东省济南市平阴县
1463,1463,医院实验室
1464,1464,天津市天津市西青区
1465,1465,天津市天津市东丽区
1466,1466,海河医院
1467,1467,三和镇超市
1468,1468,三和镇
1469,1469,通州区
1470,1470,旅行社泰国
1471,1471,澳门特别行政区澳门特别行政区
1472,1472,湖北省宜昌市枝江市
1473,1473,江苏省苏州市昆山市
1474,1474,河南省驻马店市汝南县
1475,1475,三桥镇
1476,1476,河南省驻马店市新蔡县
1477,1477,河南省驻马店市驿城区
1478,1478,河南省驻马店市上蔡县
1479,1479,河南省信阳市新县
1480,1480,河南省南阳市宛城区
1481,1481,河南省郑州市二七区
1482,1482,郑州大学第五附属医院门诊
1483,1483,河南省平顶山市卫东区
1484,1484,河南省平顶山市鲁山县
1485,1485,河南省新乡市新乡县
1486,1486,河南省郑州市巩义市
1487,1487,理发店
1488,1488,山西省运城市
1489,1489,山西省运城市河津市
1490,1490,保税区
1491,1491,吉林省通化市
1492,1492,康复路商城
1493,1493,内蒙古自治区巴彦淖尔市乌拉特中旗
1494,1494,丰村医院
1495,1495,内蒙古自治区巴彦淖尔市五原县
1496,1496,乌加河镇
1497,1497,广东省清远市
1498,1498,酒店超市超市
1499,1499,武当山小吃店
1500,1500,湖北省十堰市城区
1501,1501,饭馆
1502,1502,甘肃省白银市白银区
1503,1503,陕西省宝鸡市
1504,1504,陕西省西安市莲湖区
1505,1505,甘肃省庆阳市宁县
1506,1506,陕西省咸阳市乾县
1507,1507,宁夏回族自治区银川市金凤区
1508,1508,宁夏回族自治区银川市西夏区
1509,1509,北广场
1510,1510,附属第三医院
1511,1511,河南省郑州市禹州市
1512,1512,天宫殿街道泰山大道东段
1513,1513,老挝诊所
1514,1514,星湖超市
1515,1515,重庆市重庆市巴南区
1516,1516,街道民主新村饮食店
1517,1517,重庆市重庆市巫山县
1518,1518,巫山
1519,1519,二郎庙
1520,1520,湾镇
1521,1521,抱龙镇
1522,1522,湖北省恩施土家族苗族自治州建始县
1523,1523,万州北站
1524,1524,抱龙镇卫生院
1525,1525,重庆市重庆市长寿区
1526,1526,天台养鸡场
1527,1527,丰都
1528,1528,重庆市重庆市涪陵区
1529,1529,中心卫生院
1530,1530,九龙
1531,1531,赶水镇
1532,1532,綦江医院
1533,1533,重庆市重庆市开州区
1534,1534,重庆市重庆市城口县
1535,1535,新疆维吾尔自治区阿克苏地区阿克苏市
1536,1536,四川省达州市万源市
1537,1537,沿河乡卫生院
1538,1538,江西省九江市
1539,1539,彭水
1540,1540,彭水县人民医院门诊
1541,1541,重庆市重庆市九龙坡区
1542,1542,垫江
1543,1543,云台镇
1544,1544,学田湾
1545,1545,于乡村超市
1546,1546,邮亭镇
1547,1547,荣昌
1548,1548,顺德
1549,1549,荣昌区广顺镇天堂村
1550,1550,新利
1551,1551,大足
1552,1552,大足南站
1553,1553,大足区
1554,1554,柏家镇桂花村
1555,1555,社区诊所
1556,1556,武陵镇中心卫生院
1557,1557,巫山客运站
1558,1558,长滩卫生院
1559,1559,白岩社区医院
1560,1560,大兴村卫生室
1561,1561,巫山服务站
1562,1562,熊家镇卫生院
1563,1563,湖北省孝感市汉川市
1564,1564,合川客运中心
1565,1565,合川区涞滩镇双龙
1566,1566,涞滩镇双龙
1567,1567,银行
1568,1568,两塘村
1569,1569,两塘村卫生室
1570,1570,钱塘镇
1571,1571,餐馆
1572,1572,大学
1573,1573,双碑
1574,1574,钱塘
1575,1575,合川餐饮店
1576,1576,合川区
1577,1577,理发店商场
1578,1578,合阳
1579,1579,燕窝中心卫生院
1580,1580,潼南区人民医院门诊
1581,1581,中医院加油站
1582,1582,重庆市重庆市北碚区
1583,1583,四川省乐山市
1584,1584,河边镇
1585,1585,北门车站
1586,1586,重庆市重庆市丰都县
1587,1587,三合街道滨江路
1588,1588,石柱
1589,1589,拔山镇
1590,1590,拔山镇养老院
1591,1591,砚台镇卫生院
1592,1592,浙江省嘉兴市
1593,1593,石联村
1594,1594,石联村诊所
1595,1595,湖北省天门市
1596,1596,金鸡镇黄龙乡活龙村
1597,1597,重庆市重庆市石柱土家族自治县
1598,1598,西沱镇
1599,1599,罗家卫生室
1600,1600,西沱镇客运站
1601,1601,鱼池镇
1602,1602,黄水
1603,1603,西沱镇双桥村卫生室
1604,1604,客运站
1605,1605,西沱镇卫生院
1606,1606,涪陵中心医院
1607,1607,南宾街道南宾街道
1608,1608,石村卫生室
1609,1609,西沱镇中心卫生院
1610,1610,安徽省黄石市
1611,1611,江苏省
1612,1612,新疆维吾尔自治区巴音郭楞蒙古自治州库尔勒市
1613,1613,丰乐街道
1614,1614,石龙
1615,1615,厚坝镇卫生院
1616,1616,铁桥镇中心卫生院
1617,1617,岳溪镇
1618,1618,大树镇
1619,1619,安坪镇
1620,1620,甲高镇中心卫生院
1621,1621,永乐镇江南社区
1622,1622,康乐镇七星村
1623,1623,七星村
1624,1624,太安镇
1625,1625,白羊镇中心卫生院
1626,1626,长坪乡长安
1627,1627,长坪乡
1628,1628,南站海事局
1629,1629,长坪乡卫生院
1630,1630,梁村
1631,1631,医院中学
1632,1632,龙街
1633,1633,古南街道
1634,1634,银行商业银行
1635,1635,河西
1636,1636,岩头镇
1637,1637,花桥乡
1638,1638,浙江省宁波市江北区
1639,1639,浙江省杭州市建德市
1640,1640,浙江省杭州市城区
1641,1641,浙江省温州市平阳县
1642,1642,浙江省
1643,1643,浙江省嘉兴市海宁市
1644,1644,浙江省金华市浦江县
1645,1645,河北省石家庄市裕华区
1646,1646,河北省石家庄市新华区
1647,1647,河北省邯郸市邯山区
1648,1648,河北省邯郸市丛台区
1649,1649,河北省邯郸市魏县
1650,1650,河北省邯郸市峰峰矿区
1651,1651,河南省鹤壁市
1652,1652,肥乡
1653,1653,湖北省荆州市江陵县
1654,1654,四川省攀枝花市西区
1655,1655,河北省邢台市清河县
1656,1656,河北省邢台市宁晋县
1657,1657,云南省昆明市安宁市
1658,1658,岩峰镇
1659,1659,宝城镇中心卫生院
1660,1660,宝城镇中心卫生院门诊部医院门诊部
1661,1661,湖北省武汉市江汉区
1662,1662,长兴
1663,1663,岩峰镇中心卫生院
1664,1664,旅店药店
1665,1665,亚布力镇青山村客栈
1666,1666,新疆维吾尔自治区塔城地区塔城市
1667,1667,地窝堡机场
1668,1668,曼哈顿酒店商场
1669,1669,东大直街
1670,1670,道里
1671,1671,道街培训中心酒店
1672,1672,黑龙江省哈尔滨市松北区
1673,1673,哈西
1674,1674,阿城
1675,1675,让胡路区人民医院门诊
1676,1676,黑龙江省牡丹江市绥芬河市
1677,1677,亚马孙
1678,1678,上东超市中心
1679,1679,上东
1680,1680,药店药店
1681,1681,红旗乡胜利村
1682,1682,里海饭店
1683,1683,吉林省辽源市龙山区
1684,1684,林业局饰品店
1685,1685,河北省唐山市丰南区
1686,1686,山海关
1687,1687,辽宁省沈阳市于洪区
1688,1688,内蒙古自治区呼和浩特市
1689,1689,辽宁省鞍山市台安县
1690,1690,辽宁省丹东市元宝区
1691,1691,辽宁省阜新市细河区
1692,1692,辽宁省盘锦市双台子区
1693,1693,辽东湾
1694,1694,医院药店超市市中心医院门诊医院超市
1695,1695,毛屯社区
1696,1696,吴航街道解放路
1697,1697,鹤上镇
1698,1698,胜利路服装店
1699,1699,长乐机场
1700,1700,法国巴黎
1701,1701,长乐机场机场海关
1702,1702,福建省南平市武夷山市
1703,1703,福建省泉州市丰泽区
1704,1704,景泰大酒店
1705,1705,广西壮族自治区来宾市象州县
1706,1706,寺村镇
1707,1707,新加坡
1708,1708,广西壮族自治区柳州市柳南区
1709,1709,广西壮族自治区河池市都安瑶族自治县
1710,1710,广东省汕尾市
1711,1711,广东省湛江市赤坎区
1712,1712,广东省惠州市惠阳区
1713,1713,湖北省黄冈市武穴市
1714,1714,湖南省湘潭市岳塘区
1715,1715,甘棠镇甘棠村
1716,1716,靖州县人民医院
1717,1717,靖州县公司
1718,1718,湖南省怀化市鹤城区
1719,1719,山东省济南市天桥区
1720,1720,山东省烟台市福山区
1721,1721,东区
1722,1722,江都
1723,1723,曹王药店酒店
1724,1724,河南省郑州市登封市
1725,1725,河南省开封市通许县
1726,1726,河南省洛阳市嵩县
1727,1727,河南省平顶山市宝丰县
1728,1728,河南省平顶山市湛河区
1729,1729,河南省平顶山市叶县
1730,1730,山西省朔州市怀仁市
1731,1731,耳字壕
1732,1732,内蒙古自治区鄂尔多斯市达拉特旗
1733,1733,永清门诊
1734,1734,新村超市
1735,1735,树林召镇
1736,1736,营子村
1737,1737,桃源
1738,1738,重庆市重庆市渝北区
1739,1739,解放碑商都超市
1740,1740,建始
1741,1741,安坪镇卫生院
1742,1742,陈家桥街道
1743,1743,万州太白街道川东
1744,1744,井口街道
1745,1745,南溪儿童医院
1746,1746,石坪
1747,1747,三村
1748,1748,秀山县人民医院
1749,1749,万盛
1750,1750,四川省德阳市
1751,1751,垫江酒店超市
1752,1752,浙江省台州市天台县
1753,1753,浙江省台州市三门县
1754,1754,浙江省宁波市宁海县
1755,1755,浙江省宁波市北仑区
1756,1756,浙江省温州市苍南县
1757,1757,河北省衡水市
1758,1758,河北省衡水市桃城区
1759,1759,河北省衡水市安平县
1760,1760,河北省衡水市深州市
1761,1761,河北省衡水市枣强县
1762,1762,河北省邢台市
1763,1763,河北省邢台市柏乡县
1764,1764,广宗
1765,1765,中心超市
1766,1766,江西省南昌市东阳市
1767,1767,云南省丽江市
1768,1768,甘洛
1769,1769,岷山饭店
1770,1770,四川省成都市西昌市
1771,1771,南站超市
1772,1772,国宾馆
1773,1773,后山
1774,1774,前门
1775,1775,前门国宾馆
1776,1776,四川省南充市仪陇县
1777,1777,金城镇
1778,1778,复兴镇
1779,1779,四川省广安市广安区
1780,1780,四川省雅安市天全县
1781,1781,四川省甘孜藏族自治州色达县
1782,1782,旅行社
1783,1783,锦江宾馆
1784,1784,沈阳北站
1785,1785,虹桥社区
1786,1786,五一村
1787,1787,勃利
1788,1788,吉林省白山市抚松县
1789,1789,辽宁省丹东市东港市
1790,1790,吉林省吉林市敦化市
1791,1791,湖北省黄冈市麻城市
1792,1792,友谊医院
1793,1793,饭店宾馆
1794,1794,吉林省松原市
1795,1795,商场服装店
1796,1796,西门熟食店
1797,1797,中心街
1798,1798,黑龙江省鸡西市密山市
1799,1799,广西壮族自治区桂林市兴安县
1800,1800,湖北省荆州市洪湖市
1801,1801,广西壮族自治区防城港市港口区
1802,1802,广西壮族自治区北海市海城区
1803,1803,广东省汕尾市陆河县
1804,1804,珠海站
1805,1805,广东省湛江市坡头区
1806,1806,湖北省荆门市京山市
1807,1807,广东省揭阳市
1808,1808,渡村
1809,1809,广东省揭阳市东区
1810,1810,湖南省常德市桃源县
1811,1811,酉港镇卫生院
1812,1812,安徽省合肥市庐江县
1813,1813,新村卫生室卫生院
1814,1814,砀城镇
1815,1815,山东省济南市历城区
1816,1816,安徽省阜阳市界首市
1817,1817,山东省泰安市肥城市
1818,1818,山东省泰安市宁阳县
1819,1819,范镇
1820,1820,德西凤村
1821,1821,四川省眉山市青神县
1822,1822,四川省眉山市东坡区
1823,1823,天津市天津市河西区
1824,1824,天津市天津市津南区
1825,1825,吴江区
1826,1826,高新区分院
1827,1827,山西省晋城市阳城县
1828,1828,山西省晋城市龙泉市
1829,1829,山西省忻州市
1830,1830,北义城卫生院
1831,1831,武陟
1832,1832,南关
1833,1833,南关超市商场超市超市
1834,1834,北京市北京市丰台区
1835,1835,崇礼
1836,1836,内蒙古自治区乌兰察布市化德县
1837,1837,恩格贝镇
1838,1838,中和西镇
1839,1839,市场路
1840,1840,北国
1841,1841,路南
1842,1842,李宁鞋店
1843,1843,树林召
1844,1844,新村超市超市
1845,1845,王府井
1846,1846,北国超市
1847,1847,浙江省湖州市
1848,1848,浙江省衢州市江山市
1849,1849,河北省承德市丰宁满族自治县
1850,1850,河北省廊坊市广阳区
1851,1851,门诊专家组
1852,1852,河北省廊坊市大城县
1853,1853,河北省廊坊市三河市
1854,1854,河北省廊坊市永清县
1855,1855,云南省红河哈尼族彝族自治州建水县
1856,1856,南山有限公司
1857,1857,凤凰大道咖啡馆
1858,1858,凤凰大道
1859,1859,四川省南充市营山县
1860,1860,西藏自治区林芝市
1861,1861,四川省甘孜藏族自治州
1862,1862,四川省内江市市中区
1863,1863,四川省内江市威远县
1864,1864,苍溪
1865,1865,四川省广元市苍溪县
1866,1866,吉林省吉林市丰满区
1867,1867,吉林省辽源市东丰县
1868,1868,秦家屯镇饭店
1869,1869,卫校
1870,1870,茂林镇乔家村
1871,1871,服先镇向阳村
1872,1872,电业局公司
1873,1873,东方明珠办公室
1874,1874,东湖
1875,1875,湖北省黄石市
1876,1876,湖北省黄石市阳新县
1877,1877,山东省东营市
1878,1878,浙江省宿州市萧县
1879,1879,永乐
1880,1880,内蒙古自治区通辽市
1881,1881,辽宁省沈阳市法库县
1882,1882,洗浴中心
1883,1883,铁西经济开发区
1884,1884,中国医科大学附属盛京医院门诊医院
1885,1885,辽宁省阜新市海州区
1886,1886,海州区
1887,1887,辽宁省阜新市
1888,1888,辽宁省葫芦岛市连山区
1889,1889,辽宁省
1890,1890,辽宁省锦州市
1891,1891,东城
1892,1892,奶茶店医院门诊市中心医院
1893,1893,药店基地
1894,1894,辽宁省葫芦岛市龙港区
1895,1895,锦江
1896,1896,辽宁省葫芦岛市兴城市
1897,1897,绥中天池
1898,1898,绥中高中饭店
1899,1899,东山
1900,1900,广东省惠州市博罗县
1901,1901,湖南省郴州市宜章县
1902,1902,嘉禾
1903,1903,湖南省郴州市嘉禾县
1904,1904,湖南省郴州市苏仙区
1905,1905,湖南省永州市
1906,1906,湖南省郴州市
1907,1907,湖南省郴州市临武县
1908,1908,汝城
1909,1909,湖南省郴州市汝城县
1910,1910,湖南省郴州市北湖区
1911,1911,湖南省郴州市安仁县
1912,1912,安仁
1913,1913,永兴
1914,1914,湖南省郴州市永兴县
1915,1915,湖南省郴州市资兴市
1916,1916,甘溪滩镇
1917,1917,茅村
1918,1918,赵集
1919,1919,安徽省淮北市烈山区
1920,1920,即墨通济街道
1921,1921,商都
1922,1922,即墨中心超市
1923,1923,柏林镇卫生院
1924,1924,山东省菏泽市巨野县
1925,1925,山东省济南市市中区
1926,1926,天津站
1927,1927,和平区
1928,1928,史各庄镇
1929,1929,天津市天津市和平区
1930,1930,补习班
1931,1931,医院医院中医院
1932,1932,沙巴
1933,1933,河南省开封市杞县
1934,1934,马军营乡
1935,1935,山西省大同市城区
1936,1936,河西路南
1937,1937,山西省大同市浑源县
1938,1938,社区卫生所
1939,1939,天镇
1940,1940,山西省忻州市原平市
1941,1941,路西
1942,1942,银座酒吧
1943,1943,浙江省杭州市拱墅区
1944,1944,浙江省湖州市吴兴区
1945,1945,浙江省湖州市南浔区
1946,1946,浙江省台州市临海市
1947,1947,浙江省丽水市青田县
1948,1948,浙江省丽水市庆元县
1949,1949,河北省石家庄市赵县
1950,1950,河北省石家庄市高邑县
1951,1951,河北省石家庄市长安区
1952,1952,河北省保定市安国市
1953,1953,六里桥
1954,1954,昆明机场机场
1955,1955,海南省海口市澄江县
1956,1956,莲池
1957,1957,康桥医院
1958,1958,四川省攀枝花市米易县
1959,1959,新疆维吾尔自治区伊犁哈萨克自治州伊宁市
1960,1960,大河镇
1961,1961,大桥镇新井村中心卫生院
1962,1962,芦山面馆
1963,1963,双石镇
1964,1964,林场
1965,1965,铁东区
1966,1966,安平
1967,1967,透堡镇卫生院门诊
1968,1968,马鼻镇
1969,1969,福建省福州市罗源县
1970,1970,福建省宁德市
1971,1971,罗源中医院
1972,1972,县工行
1973,1973,河东幼儿园
1974,1974,溪东
1975,1975,广西壮族自治区贵港市平南县
1976,1976,广东省江门市开平市
1977,1977,金鸡镇
1978,1978,长兴路威尼斯餐馆药店
1979,1979,上堂甜品店
1980,1980,田心村
1981,1981,超市酒吧
1982,1982,祥和路
1983,1983,湖南省湘潭市湘潭县
1984,1984,湖南省衡阳市衡东县
1985,1985,湖南省常德市津市市
1986,1986,东红村
1987,1987,大学总医院专家组
1988,1988,江苏省泰州市泰兴市
1989,1989,江苏省苏州市太仓市
1990,1990,河南省郑州市荥阳市
1991,1991,河南省郑州市上街区
1992,1992,河南省郑州市新郑市
1993,1993,陕西省西安市新城区
1994,1994,政府宾馆服装店
1995,1995,耳字壕电厂加油站
1996,1996,草原村
1997,1997,上香
1998,1998,河北省邢台市隆尧县
1999,1999,兵团
2000,2000,湖南省怀化市会同县
2001,2001,贵州省黔东南苗族侗族自治州雷山县
2002,2002,白市镇
2003,2003,云南省丽江市古城区
2004,2004,大道酒店
2005,2005,迪庆州
2006,2006,虎跳峡
2007,2007,泸沽湖酒店
2008,2008,泸沽湖镇中心卫生院卫生院
2009,2009,泸沽湖
2010,2010,三家村客栈餐厅
2011,2011,泸沽湖中心医院医院中心医院
2012,2012,中心医院酒店
2013,2013,曙光医院
2014,2014,云南省玉溪市红塔区
2015,2015,湖北省武汉市蔡甸区
2016,2016,龙湾小吃店
2017,2017,湖北省武汉市青山区
2018,2018,八庙镇
2019,2019,长岭酒店
2020,2020,长岭社区
2021,2021,蓝山
2022,2022,四川省德阳市广汉市
2023,2023,机场机场
2024,2024,北京机场
2025,2025,辽宁省锦州市凌海市
2026,2026,晓明镇
2027,2027,小渡口镇卫生院门诊
2028,2028,小渡口镇卫生院酒店
2029,2029,湖南省常德市石门县
2030,2030,店埠镇
2031,2031,山东省泰安市东平县
2032,2032,山东省菏泽市
2033,2033,山东省泰安市新泰市
2034,2034,宁河区
2035,2035,湖北省武汉市江夏区
2036,2036,湖北省黄冈市红安县
2037,2037,人民医院分院
2038,2038,江苏省徐州市邳州市
2039,2039,长白山
2040,2040,吉林省白山市临江市
2041,2041,长白山机场
2042,2042,内蒙古自治区呼和浩特市赛罕区
2043,2043,锦江酒店
2044,2044,九州药业有限公司
2045,2045,黑龙江省牡丹江市宁安市
2046,2046,北京路
2047,2047,怀远
2048,2048,辽宁省沈阳市大东区
2049,2049,辽宁省沈阳市沈河区
2050,2050,辽宁省沈阳市皇姑区
2051,2051,辽宁省鞍山市岫岩满族自治县
2052,2052,辽宁省朝阳市凌源市
2053,2053,东城街道
2054,2054,分局医院
2055,2055,大凌河
2056,2056,辽宁省朝阳市双塔区
2057,2057,辽宁省抚顺市顺城区
2058,2058,新发社区
2059,2059,湖南省湘潭市湘乡市
2060,2060,湖南省株洲市攸县
2061,2061,船湾镇荆村村
2062,2062,笙塘村
2063,2063,罗家
2064,2064,石门
2065,2065,安徽省宿州市灵璧县
2066,2066,浙江省绍兴市诸暨市
2067,2067,安徽省马鞍山市雨山区
2068,2068,天津市天津市红桥区
2069,2069,新街
2070,2070,武昌地铁站
2071,2071,吉利车
2072,2072,路南酒店
2073,2073,五原
2074,2074,山西省长治市
2075,2075,内蒙古自治区呼和浩特市新城区
2076,2076,中学客运站
2077,2077,云南省保山市龙陵县
2078,2078,人民南路银行
2079,2079,辽宁省丹东市
2080,2080,广西壮族自治区防城港市东兴市
2081,2081,北部湾
2082,2082,防城
2083,2083,湖南省湘潭市雨湖区
2084,2084,甲村
2085,2085,山东省烟台市莱阳市
2086,2086,山东省枣庄市峄城区
2087,2087,西青医院
2088,2088,医院医大总医院
2089,2089,湖北省人民医院医大总医院
2090,2090,医院专家组
2091,2091,河南省平顶山市
2092,2092,清水
2093,2093,清水口腔诊所超市
2094,2094,云南省玉溪市华宁县
2095,2095,雄关乡
2096,2096,云南省昆明市五华区
2097,2097,四川省甘孜藏族自治州康定市
2098,2098,怀德镇
2099,2099,浙江省温州市公主岭市
2100,2100,西门饭店
2101,2101,吉林省延边朝鲜族自治州图们市
2102,2102,社区医院
2103,2103,辽宁省本溪市平山区
2104,2104,市中心医院医院
2105,2105,河南省洛阳市洛龙区
2106,2106,白马寺
2107,2107,大明湖连锁店
2108,2108,湖北省黄山市公安县
2109,2109,甘肃省张掖市甘州区
2110,2110,河北省邢台市临西县
2111,2111,河北省邢台市巨鹿县
2112,2112,漳港街道龙峰村
2113,2113,黑龙江省鹤岗市
2114,2114,法国
2115,2115,青口镇
2116,2116,江城
2117,2117,福建省福州市台江区
2118,2118,台村
2119,2119,广东省韶关市
2120,2120,石门桥镇狮子山村
2121,2121,即墨
2122,2122,温泉街道
2123,2123,温泉街道理发店
2124,2124,冯官屯镇
2125,2125,冯官屯镇储蓄所
2126,2126,山东省滨州市
2127,2127,江苏省徐州市泉山区
2128,2128,龙山镇
2129,2129,青海省西宁市
2130,2130,水泥厂
2131,2131,云南省德宏傣族景颇族自治州芒市
2132,2132,云南省保山市腾冲市
2133,2133,弥渡
2134,2134,五福村中心医院
2135,2135,福新街道
2136,2136,高疃镇
2137,2137,张格庄镇
2138,2138,清洋街道河滨广场
2139,2139,张格庄镇客运站客运站
2140,2140,山西省朔州市应县
2141,2141,湖南省娄底市
2142,2142,云南省曲靖市宣威市
2143,2143,辽宁省营口市
2144,2144,安徽省淮南市八公山区
2145,2145,安徽省淮南市潘集区
2146,2146,滨海新村
2147,2147,保健院党校
2148,2148,山东省济南市槐荫区
2149,2149,梁山
2150,2150,东平银山镇
2151,2151,银山镇
2152,2152,推广站中医院推广站
2153,2153,高陵
2154,2154,云南省玉溪市易门县
2155,2155,西丰小学
2156,2156,广西壮族自治区百色市平果县
2157,2157,平果旧城
2158,2158,平果
2159,2159,贡川
2160,2160,富村
2161,2161,安徽省马鞍山市含山县
2162,2162,长岗村卫生室
2163,2163,灵山医院
2164,2164,山东省青岛市胶州市
2165,2165,广南
2166,2166,广西壮族自治区百色市
2167,2167,北站社区服装店
2168,2168,湖北省荆门市钟祥市
2169,2169,惠民姜楼镇
2170,2170,武昌新荣
2171,2171,凤凰山路地铁站
2172,2172,广西壮族自治区南宁市西乡塘区
2173,2173,广西壮族自治区桂林市临桂区
2174,2174,广西壮族自治区河池市都安县
2175,2175,山东省泰安市徂汶景区
2176,2176,北京市西城区
2177,2177,北京市通州区
2178,2178,重庆市万州区
2179,2179,重庆市江北区
2180,2180,海南省秀英区
2181,2181,云南省昆明市呈贡区
2182,2182,四川省达州市大竹县
2183,2183,黑龙江省大庆市让胡路区
2184,2184,广东省东莞市沙田镇
2185,2185,安徽省蚌埠市龙子湖区
2186,2186,北京市海淀区
2187,2187,广东省惠州市大亚湾区
2188,2188,河南省许昌市建安区
2189,2189,河南省三门峡市
2190,2190,河南省三门峡市渑池县
2191,2191,河南省三门峡市义马市
2192,2192,北京市丰台区
2193,2193,北京市昌平区
2194,2194,四川省攀枝花市市东区
2195,2195,广东省潮州市潮安区
2196,2196,广东省肇庆市端州市
2197,2197,河南省新乡市卫滨区
2198,2198,河南省新乡市原阳县
2199,2199,河南省新乡市牧野区
2200,2200,北京市房山区
2201,2201,山西省晋中市平遥
2202,2202,重庆市云阳县
2203,2203,重庆市潼南区
2204,2204,重庆市璧山区
2205,2205,重庆市忠县
2206,2206,重庆市长寿区
2207,2207,浙江省温州市龙港市
2208,2208,贵州省遵义市道真仡佬族苗族自治县
2209,2209,广东省中山市三角镇
2210,2210,内蒙古自治区赤峰市翁牛特旗
2211,2211,宁夏回族自治区吴忠市红寺堡区
2212,2212,重庆市铜梁区
2213,2213,重庆市綦江区
2214,2214,重庆市荣昌区
2215,2215,四川省遂宁市蓬溪县
2216,2216,安徽省合肥市新站区
2217,2217,安徽省蚌埠市蚌山区
2218,2218,安徽省淮南市田家庵区
2219,2219,天津市宝坻区
2220,2220,天津市河东区
2221,2221,河南省信阳市浉河区
2222,2222,河南省漯河市漯河市
2223,2223,陕西省渭南市富平县
2224,2224,内蒙古自治区锡林郭勒锡林浩特市
2225,2225,内蒙古自治区巴彦淖尔乌拉特中旗
2226,2226,贵州省贵阳市观山湖区
2227,2227,四川省成都市天府新区
2228,2228,广西壮族自治区柳州市鱼峰区
2229,2229,天津市武清区
2230,2230,北京市朝阳区
2231,2231,北京市石景山区
2232,2232,北京市大兴区
2233,2233,香港特别行政区
2234,2234,重庆市奉节县
2235,2235,贵州省贵阳市未知
2236,2236,黑龙江省伊春市金山屯区
2237,2237,天津市北辰区
2238,2238,天津市南开区
2239,2239,河南省周口市淮阳区
2240,2240,河南省周口市城乡一体化示范区
2241,2241,河北省邯郸市冀南新区
2242,2242,福建省厦门市翔安区
2243,2243,天津市河北区
2244,2244,海南省 三亚市
2245,2245,北京市东城区
2246,2246,北京市密云区
2247,2247,重庆市
2248,2248,重庆市垫江县
2249,2249,重庆市巫溪县
2250,2250,河北省秦皇岛市抚宁区
2251,2251,河北省保定市竞秀区
2252,2252,河北省保定市莲池区
2253,2253,福建省漳州市长泰县
2254,2254,广东省茂名市电白区
2255,2255,广东省中山市沙溪镇
2256,2256,安徽省宿州市埇桥区
2257,2257,山东省威海市文登区
2258,2258,重庆市南岸区
2259,2259,海南省陵水县
2260,2260,浙江省舟山市普陀区
2261,2261,黑龙江省哈尔滨市阿城区
2262,2262,福建省南平市建阳区
2263,2263,福建省厦门市海沧区
2264,2264,广东省中山市石岐区
2265,2265,安徽省阜阳市颍东区
2266,2266,安徽省铜陵市义安区
2267,2267,安徽省安庆市怀宁县
2268,2268,山东省威海市临港区
2269,2269,江苏省宜兴市
2270,2270,江苏省海门市
2271,2271,重庆市大足区
2272,2272,四川省巴中市恩阳区
2273,2273,黑龙江省佳木斯市富锦市
2274,2274,广东省中山市阜沙镇
2275,2275,广东省中山市黄圃镇
2276,2276,广东省东莞市大岭山镇
2277,2277,河南省郑州市惠济区
2278,2278,河南省郑州市管城回族区
2279,2279,北京市顺义区
2280,2280,山西省大同市平城区
2281,2281,浙江省绍兴市嵊州市
2282,2282,贵州省铜仁市江口县
2283,2283,贵州省贵阳市白云区
2284,2284,吉林省通化市东昌区
2285,2285,辽宁省沈阳市浑南区
2286,2286,广西壮族自治区柳州市柳北区
2287,2287,广西壮族自治区桂林市恭城县
2288,2288,广西壮族自治区来宾市兴宾区
2289,2289,湖南省株洲市茶陵
2290,2290,山西省大同市未知
2291,2291,陕西省	渭南市临渭区
2292,2292,内蒙古自治区呼和浩特市玉泉区
2293,2293,重庆市永川区
2294,2294,四川省广安市武胜县
2295,2295,黑龙江省哈尔滨市双城市
2296,2296,吉林省长春市德惠市
2297,2297,吉林省长春市九台区
2298,2298,吉林省白城市镇赉县
2299,2299,辽宁省大连市甘井子区
2300,2300,湖南省长沙市开福区
2301,2301,山东省德州市德城区
2302,2302,天津市滨海新区
2303,2303,上海市奉贤区
2304,2304,山西省太原市未知
2305,2305,山西省晋城市未知
2306,2306,海南省文昌市	
2307,2307,海南省三亚市天涯区
2308,2308,海南省琼山区
2309,2309,河北省邯郸市永年区
2310,2310,贵州省安顺市未知
2311,2311,贵州省毕节市未知
2312,2312,贵州省毕节市七星关区
2313,2313,云南省昆明市东川区
2314,2314,云南省昆明市寻甸回族彝族自治县
2315,2315,四川省宜宾市翠屏区
2316,2316,四川省宜宾市筠连县
2317,2317,四川省宜宾市江安县
2318,2318,四川省宜宾市珙县
2319,2319,四川省成都市高新区
2320,2320,黑龙江省双鸭山市尖山区
2321,2321,黑龙江省双鸭山市四方台区
2322,2322,黑龙江省双鸭山市集贤县
2323,2323,吉林省延边朝鲜族自治州龙井市
2324,2324,福建省莆田市城厢区
2325,2325,广西壮族自治区南宁市良庆区
2326,2326,广西壮族自治区桂林市七星区
2327,2327,广东省东莞市虎门镇
2328,2328,广东省河源市东源县
2329,2329,安徽省阜阳市颍泉区
2330,2330,山东省济南市章丘区
2331,2331,天津市西青区
2332,2332,天津市东丽区
2333,2333,北京市怀柔区
2334,2334,山西省晋城市泽州县
2335,2335,陕西省西安市灞桥区
2336,2336,甘肃省兰州市未知
2337,2337,重庆市巴南区
2338,2338,重庆市巫山县
2339,2339,重庆市九龙坡区
2340,2340,重庆市涪陵区
2341,2341,重庆市城口县
2342,2342,重庆市丰都县
2343,2343,重庆市彭水县
2344,2344,重庆市渝中区
2345,2345,重庆市梁平区
2346,2346,重庆市合川区
2347,2347,重庆市石柱土家族自治县
2348,2348,重庆市江津区
2349,2349,重庆市开州区
2350,2350,浙江省杭州市钱塘新区
2351,2351,浙江省杭州市富阳区
2352,2352,浙江省杭州市下城区
2353,2353,浙江省嘉兴市南湖区
2354,2354,河北省邯郸市曲周
2355,2355,河北省邯郸市大名县
2356,2356,河北省张家口市桥西区
2357,2357,黑龙江省齐齐哈尔市梅里斯达斡尔族区
2358,2358,辽宁省沈阳市沈北新区
2359,2359,辽宁省丹东市振安区
2360,2360,福建省福州市长乐区
2361,2361,广西壮族自治区南宁市邕宁区
2362,2362,广西壮族自治区柳州市柳东新区
2363,2363,广西壮族自治区贵港市港北区
2364,2364,广东省汕尾市陆丰县
2365,2365,广东省中山市三乡镇
2366,2366,湖南省怀化市靖州苗族侗族自治县
2367,2367,陕西省西安市周至县
2368,2368,宁夏回族自治区中卫市中宁县
2369,2369,宁夏回族自治区银川市兴庆区
2370,2370,浙江省杭州市上城区
2371,2371,河北省邢台市广宗县
2372,2372,云南省楚雄彝族自治州大姚县
2373,2373,黑龙江省哈尔滨市双城区
2374,2374,黑龙江省鸡西市麻山区
2375,2375,黑龙江省鸡西市密山区
2376,2376,广东省揭阳市揭东区
2377,2377,安徽省淮北市濉溪县
2378,2378,天津市和平区
2379,2379,天津市河西区
2380,2380,天津市津南区
2381,2381,山西省晋城市北石店镇
2382,2382,山西省晋城市陵川县
2383,2383,陕西省安康市汉阴县
2384,2384,陕西省西安市蓝田县
2385,2385,陕西省咸阳市未知
2386,2386,内蒙古自治区乌海市海勃湾区
2387,2387,吉林省吉林市昌邑区
2388,2388,河北省承德市宽城满族自治县
2389,2389,云南省曲靖市会泽县
2390,2390,吉林省辽源市
2391,2391,吉林省松原市乾安县
2392,2392,福建省莆田市荔城区
2393,2393,广东省中山市坦洲镇
2394,2394,广东省东莞市塘厦镇
2395,2395,广东省东莞市石碣镇
2396,2396,广东省东莞市东坑镇
2397,2397,广东省东莞市望牛墩镇
2398,2398,山东省青岛市即墨区
2399,2399,天津市宁河区
2400,2400,天津市
2401,2401,天津市柳青镇
2402,2402,山西省大同市天镇县
2403,2403,山西省长治市未知
2404,2404,山西省忻州市忻府区
2405,2405,陕西省西安市未知
2406,2406,甘肃省天水市秦州区
2407,2407,浙江省温州市洞头区
2408,2408,浙江省绍兴市
2409,2409,河北省石家庄市藁城区
2410,2410,河北省保定市徐水区
2411,2411,河北省保定市高碑店
2412,2412,河北省张家口市万全区
2413,2413,河北省张家口市崇礼区
2414,2414,云南省玉溪市澄江县
2415,2415,四川省雅安市芦山县
2416,2416,辽宁省盘锦市大洼区
2417,2417,福建省漳州市芗城区
2418,2418,湖南省株洲市衡阳市
2419,2419,香港特别行政区未知未知
2420,2420,河北省邢台市新河县
2421,2421,新疆维吾尔自治区乌鲁木齐市未知
2422,2422,云南省丽江市未知
2423,2423,辽宁省锦州市凌海
2424,2424,江西省赣州市
2425,2425,内蒙古自治区呼和浩特市未知
2426,2426,宁夏回族自治区吴忠市利通区
2427,2427,黑龙江省牡丹江市海林市
2428,2428,湖南省湘潭市韶山市
2429,2429,天津市红桥区
2430,2430,陕西省西安市鄠邑区
2431,2431,云南省大理白族自治州未知
2432,2432,云南省昆明市盘龙区
2433,2433,云南省西双版纳傣族自治州景洪市
2434,2434,黑龙江省大兴安岭地区
2435,2435,辽宁省本溪市
2436,2436,辽宁省丹东市宽甸县
2437,2437,广西壮族自治区柳州市鹿寨县
2438,2438,甘肃省平凉市崇信县
2439,2439,甘肃省定西市通渭县
2440,2440,甘肃省天水市清水县
2441,2441,云南省玉溪市江川区
2442,2442,四川省达州市通川区
2443,2443,四川省南充市蓬安县
2444,2444,吉林省延边朝鲜族自治州和龙市
2445,2445,辽宁省沈阳市辽中区
2446,2446,福建省厦门市集美区
2447,2447,辽宁省锦州市古塔区
2448,2448,山东省聊城市茌平县
2449,2449,山东省滨州市邹平县
2450,2450,内蒙古自治区呼和浩特市包头市
2451,2451,甘肃省天水市张家川回族自治县
2452,2452,甘肃省张掖市民乐县
2453,2453,甘肃省金昌市金川区
2454,2454,新疆维吾尔自治区巴州库尔勒市
2455,2455,云南省大理白族自治州弥渡县
2456,2456,四川省甘孜藏族自治州稻城县
2457,2457,云南省曲靖市未知
2458,2458,山东省日照市
2459,2459,山东省德州市乐陵市
2460,2460,山东省枣庄市
2461,2461,山东省枣庄市薛城区
2462,2462,陕西省西安市高陵区
2463,2463,内蒙古自治区鄂尔多斯市未知
2464,2464,辽宁省铁岭市西丰县
2465,2465,广西壮族自治区河池市大化瑶族自治县
2466,2466,山东省滨州市滨城区
2467,2467,云南省文山壮族苗族自治州文山市
2468,2468,山东省青岛市城阳区
2469,2469,山东省滨州市惠民县
2470,2470,安徽省安庆市宜秀区
2471,2471,安徽省安庆市桐城市
2472,2472,安徽省安庆市岳西县
2473,2473,安徽省安庆市迎江区
2474,2474,安徽省安庆市潜山市
